{"cameraMode":{"drawMode":0,"name":"Shaded","section":"Shading Mode"},"sceneLighting":true,"audioPlay":false,"sceneViewState":{"m_AlwaysRefresh":false,"showFog":true,"showSkybox":true,"showFlares":true,"showImageEffects":true,"showParticleSystems":true,"showVisualEffectGraphs":true,"m_FxEnabled":true},"in2DMode":false,"pivot":{"x":-0.35576027631759646,"y":1.5175917148590088,"z":-1.3722376823425294},"rotation":{"x":-0.0066313487477600578,"y":-0.9933555722236633,"z":0.08544908463954926,"w":-0.07703270763158798},"size":1.5026288032531739,"orthographic":false}